{"cameraMode":{"drawMode":0,"name":"Shaded","section":"Shading Mode"},"sceneLighting":true,"audioPlay":false,"sceneViewState":{"showFog":true,"showMaterialUpdate":false,"showSkybox":true,"showFlares":true,"showImageEffects":true,"showParticleSystems":true},"in2DMode":false,"pivot":{"x":-1.100000023841858,"y":1.1799999475479127,"z":0.0},"rotation":{"x":0.30308929085731509,"y":0.08845620602369309,"z":-0.02826705202460289,"w":0.9484268426895142},"size":2.8578836917877199,"orthographic":false}